{
    "user": "Test User",
    "name": "CoFeB new",
    "dipole mode": 1,
    "S parameter": "S14",
    "field sweep": [
        190.0,
        42.5,
        42.857142857142854,
        43.214285714285715,
        43.57142857142857,
        43.92857142857143,
        44.285714285714285,
        44.642857142857146,
        45.0,
        45.357142857142854,
        45.714285714285715,
        46.07142857142857,
        46.42857142857143,
        46.785714285714285,
        47.142857142857146,
        47.5,
        47.85714285714286,
        48.214285714285715,
        48.57142857142857,
        48.92857142857143,
        49.285714285714285,
        49.642857142857146,
        50.0,
        50.35714285714286,
        50.714285714285715,
        51.07142857142857,
        51.42857142857143,
        51.785714285714285,
        52.14285714285714,
        52.5,
        52.85714285714286,
        53.214285714285715,
        53.57142857142857,
        53.92857142857143,
        54.285714285714285,
        54.64285714285714,
        55.0
    ],
    "angle": 0,
    "Start frequency": 7000000000.0,
    "Stop frequency": 9000000000.0,
    "Number of points": 30,
    "Bandwith": 300,
    "Power": -10
}