{
    "user": "Test User",
    "name": "CoFeB new",
    "dipole mode": 1,
    "S parameter": "S14",
    "field sweep": [
        190.0,
        10.0,
        19.333333333333336,
        28.666666666666668,
        38.0,
        47.333333333333336,
        56.66666666666667,
        66.0,
        75.33333333333334,
        84.66666666666667,
        94.0,
        103.33333333333334,
        112.66666666666667,
        122.0,
        131.33333333333334,
        140.66666666666669,
        150.0
    ],
    "angle": 0,
    "Start frequency": 1000000000.0,
    "Stop frequency": 10000000000.0,
    "Number of points": 1001,
    "Bandwith": 300,
    "Power": -10
}