{
    "user_name": "Measurements",
    "measurement_name": "NiFe Ta stack",
    "dipole_mode": 1,
    "s_parameter": "S14",
    "field_sweep": [
        0.0,
        120.0,
        126.66666666666667,
        133.33333333333334,
        140.0,
        146.66666666666666,
        153.33333333333334,
        160.0,
        166.66666666666669,
        173.33333333333334,
        180.0
    ],
    "angle": 0,
    "start_frequency": 1000000000.0,
    "stop_frequency": 20000000000.0,
    "number_of_points": 1001,
    "bandwith": 300,
    "power": -10
}