{
    "user": "Test User",
    "name": "CoFeB bello",
    "dipole mode": 1,
    "S parameter": "S14",
    "field sweep": [
        190.0,
        0.1,
        0.9291666666666666,
        1.7583333333333333,
        2.5875,
        3.4166666666666665,
        4.245833333333333,
        5.074999999999999,
        5.904166666666666,
        6.7333333333333325,
        7.562499999999999,
        8.391666666666666,
        9.220833333333333,
        10.049999999999999,
        10.879166666666665,
        11.708333333333332,
        12.5375,
        13.366666666666665,
        14.195833333333331,
        15.024999999999999,
        15.854166666666666,
        16.683333333333334,
        17.5125,
        18.34166666666667,
        19.170833333333334,
        20.0
    ],
    "angle": 0,
    "Start frequency": 1000000000.0,
    "Stop frequency": 12000000000.0,
    "Number of points": 1001,
    "Bandwith": 300,
    "Power": -10
}