{
    "user": "Test User",
    "name": "CoFeB new",
    "dipole mode": 1,
    "S parameter": "S14",
    "field sweep": [
        190.0,
        20.0,
        24.444444444444443,
        28.88888888888889,
        33.333333333333336,
        37.77777777777778,
        42.22222222222222,
        46.66666666666667,
        51.111111111111114,
        55.55555555555556,
        60.0
    ],
    "angle": 0,
    "Start frequency": 1000000000.0,
    "Stop frequency": 10000000000.0,
    "Number of points": 1001,
    "Bandwith": 300,
    "Power": -10
}